,来源,来自IP,1. 您是否了解云南的“三农”政策？ ,2. 您认为抖音短视频对云南农产品的宣传效果如何？ ,3. 您是否曾通过抖音平台购买过云南的农产品？ ,4. 您认为抖音直播带货对云南乡村经济的促进作用如何？ ,5. 您认为云南的农产品在抖音上的展示方式是否吸引消费者？ ,6. 您最关注云南农产品的哪些方面？ ,7. 您认为云南的“三农”政策对电商发展的支持力度如何？ ,8. 您是否参与过云南乡村的电商培训活动？ ,9. 您认为云南乡村电商发展的主要障碍是什么？ ,10. 您对云南三农的抖音短视频内容的质量有何看法？ ,11. 您认为云南农民在使用抖音进行产品推广时遇到的最大困难是什么？ ,12. 您希望云南的“三农”政策在电商领域有哪些改进？ ,13. 您认为未来云南的电商发展趋势如何？ ,14. 您对云南农产品在抖音上的推广方式有何建议？ ,15. 您还有其他想要补充的意见或建议吗？ ,"1. 您是否了解云南的""三农""政策？ "
count,0.0,0.0,600.0,600.0,600.0,600.0,600.0,600.0,60.0,600.0,600.0,600.0,600.0,0.0,0.0,0.0,0.0,600.0
mean,,,1.55,1.9816666666666667,1.48,2.0233333333333334,1.97,1.8283333333333334,1.5166666666666666,1.5316666666666667,1.9783333333333333,1.96,1.9966666666666666,,,,,1.52
std,,,0.49790881559553274,0.8014993601136934,0.5000166942121214,0.7919390768179124,0.8166260651099917,1.1019169314253345,0.5672313570575753,0.4994125653267373,1.021242110358184,0.7720492860996278,1.0810195315541518,,,,,0.5000166942121214
min,,,1.0,1.0,1.0,1.0,1.0,1.0,1.0,1.0,1.0,1.0,1.0,,,,,1.0
25%,,,1.0,1.0,1.0,1.0,1.0,1.0,1.0,1.0,1.0,1.0,1.0,,,,,1.0
50%,,,2.0,2.0,1.0,2.0,2.0,1.0,1.0,2.0,2.0,2.0,2.0,,,,,2.0
75%,,,2.0,3.0,2.0,3.0,3.0,3.0,2.0,2.0,3.0,3.0,3.0,,,,,2.0
max,,,2.0,3.0,2.0,3.0,3.0,4.0,3.0,2.0,4.0,3.0,4.0,,,,,2.0
